Name,Xcoord,Ycoord
BOPTA,13835.61036,79962.83383
